Wall time,Step,Value
1568987617.950435,0,0.818791925907135
1568987702.5256495,1,0.5450426340103149
1568987787.8913758,2,0.5013030767440796
1568987873.9328587,3,0.4774833619594574
1568987960.4464393,4,0.4355618953704834
1568988046.789605,5,0.41825196146965027
1568988133.162871,6,0.3973551094532013
1568988219.4257505,7,0.3937716782093048
1568988305.655807,8,0.3651883900165558
1568988391.3831096,9,0.3498249351978302
