Wall time,Step,Value
1568991160.1282399,0,0.561656653881073
1568991248.019239,1,0.23079444468021393
1568991336.4699438,2,0.18043696880340576
1568991425.229764,3,0.15466080605983734
1568991513.7944913,4,0.135779470205307
1568991602.3048358,5,0.11877048015594482
1568991693.0208714,6,0.10776671767234802
1568991783.472192,7,0.10013684630393982
1568991872.1614563,8,0.08894705027341843
