Wall time,Step,Value
1568995678.0166824,0,1.087532877922058
1568995761.4924223,1,0.2511081099510193
1568995845.6542478,2,0.1776445358991623
1568995931.2612264,3,0.14244593679904938
1568996017.372693,4,0.11899803578853607
1568996103.0229566,5,0.10246541351079941
1568996188.7736475,6,0.08829005807638168
1568996274.2230315,7,0.08161503076553345
1568996360.248892,8,0.07167011499404907
