Wall time,Step,Value
1568989405.7230499,0,0.8000183701515198
1568989486.0086029,1,0.47750458121299744
1568989566.56464,2,0.4242212772369385
1568989648.3059878,3,0.3893149793148041
1568989729.3287764,4,0.3697512447834015
1568989809.8731594,5,0.3422299325466156
1568989890.1485937,6,0.3377528786659241
1568989971.3715625,7,0.31396690011024475
1568990052.2401314,8,0.3143332600593567
1568990136.6614528,9,0.293434739112854
