Wall time,Step,Value
1568990253.8102577,0,0.8474786281585693
1568990338.410866,1,0.5233449339866638
1568990423.9850423,2,0.46495598554611206
1568990510.1174572,3,0.4361192286014557
1568990596.172988,4,0.40344151854515076
1568990682.3541312,5,0.39938509464263916
1568990768.827574,6,0.3557550311088562
1568990855.4804995,7,0.36358219385147095
1568990944.70268,8,0.346323698759079
1568991036.2792056,9,0.3143010437488556
