Wall time,Step,Value
1568988525.397166,0,0.826398491859436
1568988609.3950157,1,0.5255304574966431
1568988694.277199,2,0.4829328954219818
1568988779.9927957,3,0.4413888156414032
1568988865.9229624,4,0.41140255331993103
1568988951.7484334,5,0.39618009328842163
1568989037.8554587,6,0.3838689625263214
1568989124.055926,7,0.35017597675323486
1568989207.8629618,8,0.356277734041214
1568989288.6243513,9,0.3411219120025635
